business_name,channel,opportunity,gaps,dm_draft,status,notes,owner_name,phone,email,instagram,facebook,website,address,city,category,rating,reviews,google_maps_url,date_added,key
Natura Med Spa & IV Bar - Cornerstar Aurora,DM,1,no ad tracking,Hi there! Natura Med Spa & IV Bar - Cornerstar Aurora stood out — 4.9★ across 2326 reviews is no accident. I help medical spas turn that reputation into more booked appointments without leaning harder on ads — mind if I share a quick idea here?,,,,+1 720-821-6739,info@naturamedspaivbar.com,https://www.instagram.com/natura_medspa_iv,http://www.facebook.com/100093227756155,http://www.naturamedspaivbar.com/,"6755 S Cornerstar Way Ste A, Aurora, CO 80016",Aurora,Medical spa,4.9,2326,"https://www.google.com/maps/place/Natura+Med+Spa+%26+IV+Bar+-+Cornerstar+Aurora/@39.5936792,-104.8072524,14z/data=!4m8!1m2!2m1!1sNatura+Med+Spa+%26+IV+Bar+-+Cornerstar+Aurora!3m4!1s0x876c8f6c6195bca5:0xb006e15e3167255c!8m2!3d39.5936792!4d-104.8072524",2026-07-28,ChIJpbyVYWyPbIcRXCVnMV7hBrA
Heritage Medical n Day Spa LLC,DM,1,no ad tracking,Hi there! Heritage Medical n Day Spa LLC stood out — 5★ across 50 reviews is no accident. I help skin care clinics turn that reputation into more booked appointments without leaning harder on ads — mind if I share a quick idea here?,,,,+1 720-766-9205,amkryukov@gmail.com,https://www.instagram.com/sheilahms,https://www.facebook.com/hms.skincaretherapy.net,https://www.heritagemedicalspa.com/,"1838 S Quintero Way, Aurora, CO 80017",Aurora,Skin care clinic,5.0,50,"https://www.google.com/maps/place/Heritage+Medical+n+Day+Spa+LLC/@39.684463099999995,-104.7857373,14z/data=!4m8!1m2!2m1!1sHeritage+Medical+n+Day+Spa+LLC!3m4!1s0x876c63d10ad64631:0x162cc580d8fddc9d!8m2!3d39.684463099999995!4d-104.7857373",2026-07-28,ChIJMUbWCtFjbIcRndz92IDFLBY
ZenVita Med Spa,DM,1,no ad tracking,Hi there! ZenVita Med Spa stood out — 5★ across 101 reviews is no accident. I help medical spas turn that reputation into more booked appointments without leaning harder on ads — mind if I share a quick idea here?,,,,+1 720-224-8024,zenvitamedspa@gmail.com,https://www.instagram.com/zenvitamedspa,https://www.facebook.com/zenvitamedspa,http://www.zenvitamedspa.com/,"6155 S Main St E101 Suite #10, Aurora, CO 80016",Aurora,Medical spa,5.0,101,"https://www.google.com/maps/place/ZenVita+Med+Spa/@39.604821,-104.709268,14z/data=!4m8!1m2!2m1!1sZenVita+Med+Spa!3m4!1s0x876c8dc1b723dbdf:0x23596be4ff950cfd!8m2!3d39.604821!4d-104.709268",2026-07-28,ChIJ39sjt8GNbIcR_QyV_-RrWSM
Ina Skin,DM,2,no ad tracking; few reviews,Hi there! Ina Skin stood out — 5★ across 11 reviews is no accident. I help medical spas turn that reputation into more booked appointments without leaning harder on ads — mind if I share a quick idea here?,,,,+1 720-477-3784,info@serotamd.com,https://www.instagram.com/serotamd,https://www.facebook.com/SerotaSkincare,http://inamedspa.com/,"5550 S Parker Rd, Aurora, CO 80015",Aurora,Medical spa,5.0,11,"https://www.google.com/maps/place/Ina+Skin/@39.6164753,-104.81491059999999,14z/data=!4m8!1m2!2m1!1sIna+Skin!3m4!1s0x876c637453e381f9:0x65e4367299e3fcb7!8m2!3d39.6164753!4d-104.81491059999999",2026-07-28,ChIJ-YHjU3RjbIcRt_zjmXI25GU
Aurora Medical Spa,DM,1,no ad tracking,Hi Monica! Aurora Medical Spa stood out — 5★ across 152 reviews is no accident. I help medical spas turn that reputation into more booked appointments without leaning harder on ads — mind if I share a quick idea here?,,,Monica Granda (Administrative Manager),+1 720-734-1126,m0nifax@hotmail.com,https://instagram.com/aurora_medspa,http://www.facebook.com/auroramedspa,https://www.auroramedicalspa.com/castle-rock-co/%3Futm_source%3DGMBlisting%26utm_medium%3Dorganic%26utm_campaign%3Dcastle-rock,"6380 Promenade Pkwy #120, Castle Rock, CO 80108",Castle Rock,Medical spa,5.0,152,"https://www.google.com/maps/place/Aurora+Medical+Spa/@39.4227144,-104.87672579999999,14z/data=!4m8!1m2!2m1!1sAurora+Medical+Spa!3m4!1s0x876c99edbed25733:0xff33bdb4adada6b9!8m2!3d39.4227144!4d-104.87672579999999",2026-07-28,ChIJM1fSvu2ZbIcRuaatrbS9M_8
Evolv Wellness MedSpa,DM,2,no ad tracking; few reviews,Hi there! Evolv Wellness MedSpa stood out — 4.6★ across 25 reviews is no accident. I help medical spas turn that reputation into more booked appointments without leaning harder on ads — mind if I share a quick idea here?,,,,+1 720-661-9024,hello@evolvdenver.com,https://www.instagram.com/evolv_denver,,https://evolvwellnessmedspa.com/,"2513 Elmira St, Aurora, CO 80010",Aurora,Medical spa,4.6,25,"https://www.google.com/maps/place/Evolv+Wellness+MedSpa/@39.7531913,-104.8731031,14z/data=!4m8!1m2!2m1!1sEvolv+Wellness+MedSpa!3m4!1s0x876c7b83c7e3ce6b:0x48e9cf11953cd5dc!8m2!3d39.7531913!4d-104.8731031",2026-07-28,ChIJa87jx4N7bIcR3NU8lRHP6Ug
Havana Sauna,Email,3,no Instagram; no ad tracking,Hi there! I came across Havana Sauna in Aurora and loved what you're doing. I help spas get found by more local customers on Google — mind if I share a quick idea here?,,,,+1 303-745-7377,webmaster@havanahealthsauna.com,,,https://www.havanahealthsauna.com/,"2020 S Havana St, Aurora, CO 80014",Aurora,Spa,4.0,557,"https://www.google.com/maps/place/Havana+Sauna/@39.679425099999996,-104.8651112,14z/data=!4m8!1m2!2m1!1sHavana+Sauna!3m4!1s0x876c7d5db52e49c3:0xaa528368e6230672!8m2!3d39.679425099999996!4d-104.8651112",2026-07-28,ChIJw0kutV19bIcRcgYj5miDUqo
Simply Amazing Spa,DM,0,,Hi there! Simply Amazing Spa stood out — 4.8★ across 129 reviews is no accident. I help medical spas turn that reputation into more booked appointments without leaning harder on ads — mind if I share a quick idea here?,,,,+1 720-371-6509,sebastian@aldusleaf.org,https://www.instagram.com/simplyamazingspa,https://www.facebook.com/236519626543767,https://www.simplyamazingspa.com/,"13741 E Rice Pl #101, Aurora, CO 80015",Aurora,Medical spa,4.8,129,"https://www.google.com/maps/place/Simply+Amazing+Spa/@39.636491,-104.8272947,14z/data=!4m8!1m2!2m1!1sSimply+Amazing+Spa!3m4!1s0x876c88f085bafa15:0xb97827f34eb1b3a!8m2!3d39.636491!4d-104.8272947",2026-07-28,ChIJFfq6hfCIbIcROhvrNH-Clws
Always Beautiful Medspa,DM,1,no ad tracking,Hi Cole! Always Beautiful Medspa stood out — 4.7★ across 211 reviews is no accident. I help medical spas turn that reputation into more booked appointments without leaning harder on ads — mind if I share a quick idea here?,,,Cole Stengel (Chief Financial Officer),+1 720-280-7016,cole@alwaysbeautiful.net,https://www.instagram.com/alwaysbeautiful.medspa,https://www.facebook.com/alwaysbeautifulmedispa,https://www.alwaysbeautiful.net/,"6240 S Main St #225, Aurora, CO 80016",Aurora,Medical spa,4.7,211,"https://www.google.com/maps/place/Always+Beautiful+Medspa/@39.603245199999996,-104.7084381,14z/data=!4m8!1m2!2m1!1sAlways+Beautiful+Medspa!3m4!1s0x876c8c7cd670b20f:0xfdb27108d5f408f4!8m2!3d39.603245199999996!4d-104.7084381",2026-07-28,ChIJD7Jw1nyMbIcR9Aj01Qhxsv0
Tatiana's European Medical Spa,Email,4,no Instagram; no ad tracking; few reviews,Hi there! Tatiana's European Medical Spa stood out — 5★ across 23 reviews is no accident. I help medical spas turn that reputation into more booked appointments without leaning harder on ads — mind if I share a quick idea here?,,,,+1 303-304-0203,hi@mystore.com,,,https://tatianas-european-nails.square.site/,"3000 S Jamaica Ct Ste 370, Aurora, CO 80014",Aurora,Medical spa,5.0,23,"https://www.google.com/maps/place/Tatiana%27s+European+Medical+Spa/@39.6614685,-104.8617895,14z/data=!4m8!1m2!2m1!1sTatiana%27s+European+Medical+Spa!3m4!1s0x876c87f9f519f39b:0xa27ef3e71baedf9!8m2!3d39.6614685!4d-104.8617895",2026-07-28,ChIJm_MZ9fmHbIcR-e26cT7vJwo
Aurora Medical Spa,DM,1,no ad tracking,Hi there! Aurora Medical Spa stood out — 5★ across 164 reviews is no accident. I help medical spas turn that reputation into more booked appointments without leaning harder on ads — mind if I share a quick idea here?,,,,+1 720-500-9626,info@auroramedicalspacomo.com,https://instagram.com/aurora_medspa,http://www.facebook.com/auroramedspa,https://www.auroramedicalspa.com/colorado-springs-co/%3Futm_source%3DGMBlisting%26utm_medium%3Dorganic%26utm_campaign%3Dcolorado-springs,"7160 N Academy Blvd, Colorado Springs, CO 80920",Colorado Springs,Medical spa,5.0,164,"https://www.google.com/maps/place/Aurora+Medical+Spa/@38.9366719,-104.7989077,14z/data=!4m8!1m2!2m1!1sAurora+Medical+Spa!3m4!1s0x87134fdb872f3e13:0x5dd633d7736dcea3!8m2!3d38.9366719!4d-104.7989077",2026-07-28,ChIJEz4vh9tPE4cRo85tc9cz1l0
Natura Med Spa & IV Bar - Denver,DM,1,no ad tracking,Hi there! Natura Med Spa & IV Bar - Denver stood out — 4.9★ across 400 reviews is no accident. I help medical spas turn that reputation into more booked appointments without leaning harder on ads — mind if I share a quick idea here?,,,,+1 720-599-4126,info@naturamedspaivbar.com,https://www.instagram.com/natura_medspa_iv,http://www.facebook.com/100093227756155,https://naturamedspaivbar.com/,"357 S Colorado Blvd, Denver, CO 80246",Denver,Medical spa,4.9,400,"https://www.google.com/maps/place/Natura+Med+Spa+%26+IV+Bar+-+Denver/@39.7100627,-104.9410984,14z/data=!4m8!1m2!2m1!1sNatura+Med+Spa+%26+IV+Bar+-+Denver!3m4!1s0x876c7f59168d048b:0xc1982b82595d4100!8m2!3d39.7100627!4d-104.9410984",2026-07-28,ChIJiwSNFll_bIcRAEFdWYIrmME
True Derm MedSpa,Email,3,no Instagram; no ad tracking,Hi there! True Derm MedSpa stood out — 5★ across 123 reviews is no accident. I help medical spas turn that reputation into more booked appointments without leaning harder on ads — mind if I share a quick idea here?,,,,+1 720-803-7775,info@tdmspa.com,,,http://tdmspa.com/,"6155 S Main St Ste 29, Aurora, CO 80016",Aurora,Medical spa,5.0,123,"https://www.google.com/maps/place/True+Derm+MedSpa/@39.6045775,-104.70956539999999,14z/data=!4m8!1m2!2m1!1sTrue+Derm+MedSpa!3m4!1s0x876c8f2b7d22c4dd:0x69dbc7af52605573!8m2!3d39.6045775!4d-104.70956539999999",2026-07-28,ChIJ3cQifSuPbIcRc1VgUq_H22k
Layna Young Med Spa,DM,2,no ad tracking; few reviews,Hi there! I came across Layna Young Med Spa in Aurora and loved what you're doing. I help medical spas get found by more local customers on Google — mind if I share a quick idea here?,,,,+1 720-594-1022,hello@laynayoung.com,https://www.instagram.com/laynayoungmedspa,https://www.facebook.com/LAYNAYOUNGMEDSPA,https://laynayoung.com/,"23750 E 14th Ave Suite 305, Aurora, CO 80018",Aurora,Medical spa,5.0,7,"https://www.google.com/maps/place/Layna+Young+Med+Spa/@39.7370836,-104.7107231,14z/data=!4m8!1m2!2m1!1sLayna+Young+Med+Spa!3m4!1s0x876c6135c9160f7b:0xcd771b787d86f508!8m2!3d39.7370836!4d-104.7107231",2026-07-28,ChIJew8WyTVhbIcRCPWGfXgbd80
Resplendent Aesthetics Med Spa and IV,DM,1,no ad tracking,Hi there! Resplendent Aesthetics Med Spa and IV stood out — 5★ across 92 reviews is no accident. I help medical spas turn that reputation into more booked appointments without leaning harder on ads — mind if I share a quick idea here?,,,,+1 720-927-7530,aesthetics@resplendentaesthetics.com,http://instagram.com/resplendentaesthetics,https://facebook.com/resplendentaesthetics,http://www.resplendentaesthetics.com/,"4550 S Reservoir Rd UNIT D, Aurora, CO 80015",Aurora,Medical spa,5.0,92,"https://www.google.com/maps/place/Resplendent+Aesthetics+Med+Spa+and+IV/@39.635191899999995,-104.75915839999999,14z/data=!4m8!1m2!2m1!1sResplendent+Aesthetics+Med+Spa+and+IV!3m4!1s0x876c89a92eff1d19:0x9e0c54dfcc073c4c!8m2!3d39.635191899999995!4d-104.75915839999999",2026-07-28,ChIJGR3_LqmJbIcRTDwHzN9UDJ4
Muse Medical Artistry,Email,3,no Instagram; no ad tracking,Hi there! Muse Medical Artistry stood out — 5★ across 83 reviews is no accident. I help medical spas turn that reputation into more booked appointments without leaning harder on ads — mind if I share a quick idea here?,,,,+1 720-381-4191,musemedartistry@gmail.com,,,https://www.musemedicalartistry.com/,"2993 S Peoria St #210, Aurora, CO 80014",Aurora,Medical spa,5.0,83,"https://www.google.com/maps/place/Muse+Medical+Artistry/@39.6619849,-104.8476589,14z/data=!4m8!1m2!2m1!1sMuse+Medical+Artistry!3m4!1s0x876c8df2025dc8fb:0x8289639d90007742!8m2!3d39.6619849!4d-104.8476589",2026-07-28,ChIJ-8hdAvKNbIcRQncAkJ1jiYI
Enlighten Tan and Med Spa,DM,0,,Hi there! Enlighten Tan and Med Spa stood out — 4.8★ across 207 reviews is no accident. I help medical spas turn that reputation into more booked appointments without leaning harder on ads — mind if I share a quick idea here?,,,,+1 720-599-6340,enlightentanspa@outlook.com,https://www.instagram.com/enlightentanspa,https://www.facebook.com/EnlightenTanandSpa,http://www.enlightentanspa.com/,"16961 E Quincy Ave Unit C-4, Aurora, CO 80015",Aurora,Medical spa,4.8,207,"https://www.google.com/maps/place/Enlighten+Tan+and+Med+Spa/@39.6396976,-104.789271,14z/data=!4m8!1m2!2m1!1sEnlighten+Tan+and+Med+Spa!3m4!1s0x876c89068de0dbf3:0x488310f248f48734!8m2!3d39.6396976!4d-104.789271",2026-07-28,ChIJ89vgjQaJbIcRNIf0SPIQg0g
