business_name,tier,channel,opportunity,gaps,dm_draft,status,notes,owner_name,phone,email,instagram,facebook,website,website_status,address,city,category,rating,reviews,google_maps_url,date_added,key
SLA Medical Spa,,Email,3,no Instagram; no ad tracking,Hi there! SLA Medical Spa stood out — 4.9★ across 358 reviews is no accident. I help medical spas turn that reputation into more booked appointments without leaning harder on ads — mind if I share a quick idea here?,,,,+1 303-362-0654,slathetician@gmail.com,,,http://www.slamedicalspa.com/,,"7108 S Alton Way Bldg L, Centennial, CO 80112",Centennial,Medical spa,4.9,358.0,"https://www.google.com/maps/place/SLA+Medical+Spa/@39.5871211,-104.8831448,14z/data=!4m8!1m2!2m1!1sSLA+Medical+Spa!3m4!1s0x876c8972f409188f:0xdc77b50ff3a67154!8m2!3d39.5871211!4d-104.8831448",2026-06-22,ChIJjxgJ9HKJbIcRVHGm8w-1d9w
Peak Med Spa,,DM,2,no ad tracking; few reviews,Hi there! Peak Med Spa stood out — 5★ across 37 reviews is no accident. I help medical spas turn that reputation into more booked appointments without leaning harder on ads — mind if I share a quick idea here?,,,,+1 303-484-8566,,https://www.instagram.com/peakskinwellnesscenter,https://www.facebook.com/PeakMedSpa,https://www.peakmedspa.com/,,"14100 E Arapahoe Rd Ste 211, 2nd Floor, Centennial, CO 80112",Centennial,Medical spa,5.0,37.0,"https://www.google.com/maps/place/Peak+Med+Spa/@39.5939394,-104.82472469999999,14z/data=!4m8!1m2!2m1!1sPeak+Med+Spa!3m4!1s0x876c8f4d0e1100f1:0xc42dcfcf223d00d1!8m2!3d39.5939394!4d-104.82472469999999",2026-06-22,ChIJ8QARDk2PbIcR0QA9Is_PLcQ
Aviva Med Spa,,DM,1,no ad tracking,Hi there! Aviva Med Spa stood out — 5★ across 230 reviews is no accident. I help medical spas turn that reputation into more booked appointments without leaning harder on ads — mind if I share a quick idea here?,,,,+1 720-734-5842,ellen@aviva-medical.com,https://www.instagram.com/avivamedical,http://www.facebook.com/avivamedicalcenter,https://aviva-medical.com/%3Futm_source%3DGMBlisting%26utm_medium%3Dorganic%26utm_campaign%3Dgmb,,"8120 S Holly St Ste 212, Centennial, CO 80122",Centennial,Medical spa,5.0,230.0,"https://www.google.com/maps/place/Aviva+Med+Spa/@39.5700419,-104.9224153,14z/data=!4m8!1m2!2m1!1sAviva+Med+Spa!3m4!1s0x876c85cf6559a3ff:0x8885e66722c34cd0!8m2!3d39.5700419!4d-104.9224153",2026-06-22,ChIJ_6NZZc-FbIcR0EzDImfmhYg
Melt Medspa,,DM,2,no ad tracking; few reviews,Hi there! Melt Medspa stood out — 5★ across 17 reviews is no accident. I help medical spas turn that reputation into more booked appointments without leaning harder on ads — mind if I share a quick idea here?,,,,+1 720-450-4054,meltwaxboutique@gmail.com,https://instagram.com/meltcheyenne,,https://meltcheyenne.com/,,"8200 S Quebec St a14, Centennial, CO 80112",Centennial,Medical spa,5.0,17.0,"https://www.google.com/maps/place/Melt+Medspa/@39.5673818,-104.9025678,14z/data=!4m8!1m2!2m1!1sMelt+Medspa!3m4!1s0x876c857bd9139625:0xd005192a28a8e1e9!8m2!3d39.5673818!4d-104.9025678",2026-06-22,ChIJJZYT2XuFbIcR6eGoKCoZBdA
BLU Medical Aesthetics & Wellness,,Email,3,no Instagram; no ad tracking,Hi there! BLU Medical Aesthetics & Wellness stood out — 5★ across 224 reviews is no accident. I help medical spas turn that reputation into more booked appointments without leaning harder on ads — mind if I share a quick idea here?,,,,+1 303-720-5625,blumedaesthetics@gmail.com,,,http://blumedaesthetics.com/,,"8222 S Holly St, Centennial, CO 80122",Centennial,Medical spa,5.0,224.0,"https://www.google.com/maps/place/BLU+Medical+Aesthetics+%26+Wellness/@39.566859,-104.92061149999999,14z/data=!4m8!1m2!2m1!1sBLU+Medical+Aesthetics+%26+Wellness!3m4!1s0x876c8754c1126af9:0x55a5e943230a1cc4!8m2!3d39.566859!4d-104.92061149999999",2026-06-22,ChIJ-WoSwVSHbIcRxBwKI0PppVU
Royal MedSpa,,Email,4,no Instagram; no ad tracking; few reviews,Hi there! Royal MedSpa stood out — 5★ across 35 reviews is no accident. I help medical spas turn that reputation into more booked appointments without leaning harder on ads — mind if I share a quick idea here?,,,,+1 720-204-2291,royal@medspa4you.com,,,http://royal-medspa.com/,,"7500 E Arapahoe Rd #100, Centennial, CO 80112",Centennial,Medical spa,5.0,35.0,"https://www.google.com/maps/place/Royal+MedSpa/@39.5942988,-104.9013378,14z/data=!4m8!1m2!2m1!1sRoyal+MedSpa!3m4!1s0x876c87219a0160df:0x83759a0435b1db7f!8m2!3d39.5942988!4d-104.9013378",2026-06-22,ChIJ32ABmiGHbIcRf9uxNQSadYM
Refine Med Spa,,DM,2,no ad tracking; few reviews,Hi Meghan! Refine Med Spa stood out — 5★ across 41 reviews is no accident. I help medical spas turn that reputation into more booked appointments without leaning harder on ads — mind if I share a quick idea here?,,,Meghan Pesich (Aesthetician And Practice Director),+1 303-857-5373,mepesich@yahoo.com,https://www.instagram.com/refine_med_spa,,https://refinemedspa.com/%3Futm_campaign%3Dgmb,,"6690 S Broadway, Centennial, CO 80121",Centennial,Medical spa,5.0,41.0,"https://www.google.com/maps/place/Refine+Med+Spa/@39.5953422,-104.98793529999999,14z/data=!4m8!1m2!2m1!1sRefine+Med+Spa!3m4!1s0x876c815610a2b509:0x8ac33e377b3223fd!8m2!3d39.5953422!4d-104.98793529999999",2026-06-22,ChIJCbWiEFaBbIcR_SMyezc-w4o
The Treatment Room Medical Aesthetics,,DM,0,,Hi there! The Treatment Room Medical Aesthetics stood out — 5★ across 73 reviews is no accident. I help medical spas turn that reputation into more booked appointments without leaning harder on ads — mind if I share a quick idea here?,,,,+1 720-610-3209,amanda@thetreatmentroomma.com,https://www.instagram.com/thetreatmentroomma,,https://www.thetreatmentroomma.com/,,"7009 S Potomac St #102, Centennial, CO 80112",Centennial,Medical spa,5.0,73.0,"https://www.google.com/maps/place/The+Treatment+Room+Medical+Aesthetics/@39.5891066,-104.8324064,14z/data=!4m8!1m2!2m1!1sThe+Treatment+Room+Medical+Aesthetics!3m4!1s0x876c85d0acdc0c4d:0x4f0aa87bbfcebae3!8m2!3d39.5891066!4d-104.8324064",2026-06-22,ChIJTQzcrNCFbIcR47rOv3uoCk8
NATIV Aesthetics Co & Head Spa,,DM,0,,Hi there! NATIV Aesthetics Co & Head Spa stood out — 5★ across 66 reviews is no accident. I help medical spas turn that reputation into more booked appointments without leaning harder on ads — mind if I share a quick idea here?,,,,+1 970-792-9230,matt@pixelspread.com,https://www.instagram.com/nativspa,,https://nativspa.com/home,,"7936 E Arapahoe Ct Ste 2800, Centennial, CO 80112",Centennial,Medical spa,5.0,66.0,"https://www.google.com/maps/place/NATIV+Aesthetics+Co+%26+Head+Spa/@39.593660199999995,-104.8970695,14z/data=!4m8!1m2!2m1!1sNATIV+Aesthetics+Co+%26+Head+Spa!3m4!1s0x876953489646bdf3:0x436e57f7dfaaa068!8m2!3d39.593660199999995!4d-104.8970695",2026-06-22,ChIJ871GlkhTaYcRaKCq3_dXbkM
Pure Beauty Med Spa,,DM,2,no ad tracking; few reviews,Hi there! Pure Beauty Med Spa stood out — 5★ across 16 reviews is no accident. I help medical spas turn that reputation into more booked appointments without leaning harder on ads — mind if I share a quick idea here?,,,,+1 720-990-4090,,https://www.instagram.com/everblush_beauty,https://www.facebook.com/Everblush_Beauty-100889859189054,https://www.thepurebeautymedspa.com/,,"6851 S Holly Cir Ste 250, Centennial, CO 80112",Centennial,Medical spa,5.0,16.0,"https://www.google.com/maps/place/Pure+Beauty+Med+Spa/@39.5922176,-104.922097,14z/data=!4m8!1m2!2m1!1sPure+Beauty+Med+Spa!3m4!1s0x876c878d13bddc25:0x7415fb5d5951a6b8!8m2!3d39.5922176!4d-104.922097",2026-06-22,ChIJJdy9E42HbIcRuKZRWV37FXQ
Belleza Spa,,DM,1,no ad tracking,Hi there! Belleza Spa stood out — 4.7★ across 128 reviews is no accident. I help medical spas turn that reputation into more booked appointments without leaning harder on ads — mind if I share a quick idea here?,,,,+1 720-492-7150,bellezaspasalon@aol.com,https://www.instagram.com/melanie.belleza.spa,https://www.facebook.com/Bellezaspasalon,http://www.bellezaspasalon.com/,,"7200 E Dry Creek Rd E105, Centennial, CO 80112",Centennial,Medical spa,4.7,128.0,"https://www.google.com/maps/place/Belleza+Spa/@39.5798851,-104.9051827,14z/data=!4m8!1m2!2m1!1sBelleza+Spa!3m4!1s0x876c814d0069b903:0x4d79b911699811db!8m2!3d39.5798851!4d-104.9051827",2026-06-22,ChIJA7lpAE2BbIcR2xGYaRG5eU0
Invigorate Advanced Aesthetics,,DM,1,no ad tracking,Hi there! Invigorate Advanced Aesthetics stood out — 5★ across 361 reviews is no accident. I help medical spas turn that reputation into more booked appointments without leaning harder on ads — mind if I share a quick idea here?,,,,+1 303-635-6221,compliance@invigorateaa.com,https://www.instagram.com/invigorateadvancedaesthetics,http://www.facebook.com/invigorateadvancedaesthetics,https://invigorateaa.com/,,"6551 S Revere Pkwy Ste 120, Centennial, CO 80111",Centennial,Medical spa,5.0,361.0,"https://www.google.com/maps/place/Invigorate+Advanced+Aesthetics/@39.597195899999996,-104.84172249999999,14z/data=!4m8!1m2!2m1!1sInvigorate+Advanced+Aesthetics!3m4!1s0x876c895fef5fadf5:0x9890cdf2cde796f7!8m2!3d39.597195899999996!4d-104.84172249999999",2026-06-22,ChIJ9a1f71-JbIcR95bnzfLNkJg
Shape Aesthetics and Wellness,,DM,1,no ad tracking,Hi there! Shape Aesthetics and Wellness stood out — 4.9★ across 67 reviews is no accident. I help medical spas turn that reputation into more booked appointments without leaning harder on ads — mind if I share a quick idea here?,,,,+1 303-630-9855,info@shapeaesthetics.com,https://www.instagram.com/shapeaestheticsandwellness,https://www.facebook.com/ShapeAestheticsandWellness,http://www.shapeaesthetics.com/%3Futm_source%3Dgoogle%26utm_medium%3Dorganic%26utm_campaign%3Dgbp,,"15200 E Orchard Rd Unit 102, Centennial, CO 80016",Centennial,Medical spa,4.9,67.0,"https://www.google.com/maps/place/Shape+Aesthetics+and+Wellness/@39.6090075,-104.8113087,14z/data=!4m8!1m2!2m1!1sShape+Aesthetics+and+Wellness!3m4!1s0x876c89f00319f717:0xb87ecdfb2343a882!8m2!3d39.6090075!4d-104.8113087",2026-06-22,ChIJF_cZA_CJbIcRgqhDI_vNfrg
Lash and Company Med Spa - Centennial,,DM,0,,Hi there! Lash and Company Med Spa - Centennial stood out — 4.8★ across 181 reviews is no accident. I help medical spas turn that reputation into more booked appointments without leaning harder on ads — mind if I share a quick idea here?,,,,+1 720-639-7785,hello@www.lashandcompany.com,https://instagram.com/%40lashandcompany_austin,https://www.facebook.com/100781492070487,https://www.lashandcompany.com/co-centennial,,"9617 E County Line Rd D, Centennial, CO 80112",Centennial,Medical spa,4.8,181.0,"https://www.google.com/maps/place/Lash+and+Company+Med+Spa+-+Centennial/@39.567510399999996,-104.8760714,14z/data=!4m8!1m2!2m1!1sLash+and+Company+Med+Spa+-+Centennial!3m4!1s0x876c85168bd0f537:0x9f29f9670ea34d67!8m2!3d39.567510399999996!4d-104.8760714",2026-06-22,ChIJN_XQixaFbIcRZ02jDmf5KZ8
Phluid Medical Esthetics - BOTOX and FILLER,,Email,2,no Instagram,Hi there! Phluid Medical Esthetics - BOTOX and FILLER stood out — 4.9★ across 70 reviews is no accident. I help medical spas turn that reputation into more booked appointments without leaning harder on ads — mind if I share a quick idea here?,,,,+1 720-394-6726,team@latofonts.com,,,https://phluidme.com/,,"9034 E Easter Pl Suite 200, Office 108, Centennial, CO 80112",Centennial,Medical spa,4.9,70.0,"https://www.google.com/maps/place/Phluid+Medical+Esthetics+-+BOTOX+and+FILLER/@39.586607199999996,-104.8849065,14z/data=!4m8!1m2!2m1!1sPhluid+Medical+Esthetics+-+BOTOX+and+FILLER!3m4!1s0x876c85d94daf979b:0x8521d4d9bc328d0!8m2!3d39.586607199999996!4d-104.8849065",2026-06-22,ChIJm5evTdmFbIcR0CjDm00dUgg
Glosshouz,,DM,3,no Instagram; no ad tracking,Hi Unknown! Glosshouz stood out — 4.7★ across 1334 reviews is no accident. I help medical spas turn that reputation into more booked appointments without leaning harder on ads — mind if I share a quick idea here?,,,Unknown (Business Owner),+1 303-459-4210,info@glosshouz.com,,https://www.facebook.com/102106695860801,https://www.glosshouz.com/,,"8171 S Chester St, Centennial, CO 80112",Centennial,Medical spa,4.7,1334.0,"https://www.google.com/maps/place/Glosshouz/@39.5688178,-104.8809855,14z/data=!4m8!1m2!2m1!1sGlosshouz!3m4!1s0x876c85b78e568969:0x33acf9a45bb2f2f8!8m2!3d39.5688178!4d-104.8809855",2026-06-22,ChIJaYlWjreFbIcR-PKyW6T5rDM
Beautiful Face and Body Wellness,,DM,1,few reviews,Hi there! Beautiful Face and Body Wellness stood out — 4.7★ across 47 reviews is no accident. I help medical spas turn that reputation into more booked appointments without leaning harder on ads — mind if I share a quick idea here?,,,,+1 720-213-6614,info@befabdenver.com,https://www.instagram.com/befabdenver,,http://www.befabdenver.com/,,"7853 E Arapahoe Ct Ste 3200, Centennial, CO 80112",Centennial,Medical spa,4.7,47.0,"https://www.google.com/maps/place/Beautiful+Face+and+Body+Wellness/@39.5947264,-104.8974155,14z/data=!4m8!1m2!2m1!1sBeautiful+Face+and+Body+Wellness!3m4!1s0xa534964276140659:0xc7c74209fbe824ef!8m2!3d39.5947264!4d-104.8974155",2026-06-22,ChIJWQYUdkKWNKUR7yTo-wlCx8c
Ideal Image Centennial,,DM,0,,Hi Emy! Ideal Image Centennial stood out — 4.6★ across 946 reviews is no accident. I help medical spas turn that reputation into more booked appointments without leaning harder on ads — mind if I share a quick idea here?,,,Emy Rojas (Registered Nurse),+1 720-615-1820,emyrosa@live.com,https://instagram.com/dr.danielle_md,https://www.facebook.com/totalskinrejuve,https://www.idealimage.com/locations/colorado/denver-centennial%3Futm_medium%3Dyext%26utm_source%3Dextnet,,"9623-A E County Line Rd, Englewood, CO 80112",Englewood,Medical spa,4.6,946.0,"https://www.google.com/maps/place/Ideal+Image+Centennial/@39.5675582,-104.87461019999999,14z/data=!4m8!1m2!2m1!1sIdeal+Image+Centennial!3m4!1s0x876c85bea77e6c4d:0xbb33228fa26643e9!8m2!3d39.5675582!4d-104.87461019999999",2026-06-22,ChIJTWx-p76FbIcR6UNmoo8iM7s
Elixir Med Spa,,DM,0,,Hi there! Elixir Med Spa stood out — 5★ across 107 reviews is no accident. I help medical spas turn that reputation into more booked appointments without leaning harder on ads — mind if I share a quick idea here?,,,,+1 303-304-6133,info@injectelixir.com,https://www.instagram.com/injectelixir,http://www.facebook.com/injectelixir,http://injectelixir.com/,,"8770 E Arapahoe Rd, Centennial, CO 80112",Centennial,Medical spa,5.0,107,"https://www.google.com/maps/place/Elixir+Med+Spa/@39.5943207,-104.8871034,14z/data=!4m8!1m2!2m1!1sElixir+Med+Spa!3m4!1s0x876c85dcdc7f70b7:0xfcb54843064c581c!8m2!3d39.5943207!4d-104.8871034",2026-06-22,ChIJt3B_3NyFbIcRHFhMBkNItfw
illuma Advanced Aesthetics,,DM,1,no ad tracking,Hi there! illuma Advanced Aesthetics stood out — 4.9★ across 75 reviews is no accident. I help medical spas turn that reputation into more booked appointments without leaning harder on ads — mind if I share a quick idea here?,,,,+1 303-770-0417,fran@illumaadvanced.com,https://www.instagram.com/illuma.advanced,https://www.facebook.com/illumaadvanced,https://illumaadvanced.com/%3Futm_source%3Dgoogle-gmb-maps%26utm_medium%3Dgmb-website-button%26utm_campaign%3Dlocl.io%26utm_content%3Dc8e72533-64ae-4157-baf8-a54e9c8b05a0,,"7430 E Caley Ave #315, Centennial, CO 80111",Centennial,Medical spa,4.9,75.0,"https://www.google.com/maps/place/illuma+Advanced+Aesthetics/@39.6017505,-104.90215719999999,14z/data=!4m8!1m2!2m1!1silluma+Advanced+Aesthetics!3m4!1s0x876c87ee8996b2a9:0x704754f661656e5!8m2!3d39.6017505!4d-104.90215719999999",2026-06-22,ChIJqbKWie6HbIcR5VYWZk91BAc
New You RX,,Needs research,4,no Instagram; no ad tracking; few reviews,Hi there! New You RX stood out — 5★ across 44 reviews is no accident. I help medical spas turn that reputation into more booked appointments without leaning harder on ads — mind if I share a quick idea here?,,,,+1 720-709-1332,,,,https://www.thenewyourx.com/,,"6855 S Havana St Ste 180, Centennial, CO 80112",Centennial,Medical spa,5.0,44.0,"https://www.google.com/maps/place/New+You+RX/@39.5922718,-104.8678254,14z/data=!4m8!1m2!2m1!1sNew+You+RX!3m4!1s0x876c85eed4b86bab:0xe592cf03d6136b7a!8m2!3d39.5922718!4d-104.8678254",2026-06-22,ChIJq2u41O6FbIcRemsT1gPPkuU
Laser Aesthetics Of Colorado,,DM,3,no Instagram; no ad tracking,Hi there! Laser Aesthetics Of Colorado stood out — 4.5★ across 60 reviews is no accident. I help medical spas turn that reputation into more booked appointments without leaning harder on ads — mind if I share a quick idea here?,,,,+1 303-489-2331,susan@laseraestheticsofcolorado.com,,https://www.facebook.com/Laser-Aesthetics-Of-Colorado-1516008938669201,http://www.laseraestheticsofcolorado.com/,,"384 Inverness Pkwy Ste 190, Centennial, CO 80112",Centennial,Medical spa,4.5,60.0,"https://www.google.com/maps/place/Laser+Aesthetics+Of+Colorado/@39.5635769,-104.8645253,14z/data=!4m8!1m2!2m1!1sLaser+Aesthetics+Of+Colorado!3m4!1s0x876c8684c21a9539:0xaed63ece8145a014!8m2!3d39.5635769!4d-104.8645253",2026-06-22,ChIJOZUawoSGbIcRFKBFgc4-1q4
Luminous Medical Aesthetics,,DM,3,no Instagram; few reviews,Hi there! Luminous Medical Aesthetics stood out — 4.9★ across 36 reviews is no accident. I help medical spas turn that reputation into more booked appointments without leaning harder on ads — mind if I share a quick idea here?,,,,+1 303-968-1219,amber@luminousmedicalaesthetics.net,,http://www.facebook.com/luminousmedaestheticsdenver,http://www.luminousmedicalaesthetics.net/%3Futm_source%3Dgoogle%26utm_medium%3Dwix_google_business_profile%26utm_campaign%3D13272981055682661674,,"7853 E Arapahoe Ct Ste 2900 Floor 2, Centennial, CO 80112",Centennial,Medical spa,4.9,36,"https://www.google.com/maps/place/Luminous+Medical+Aesthetics/@39.594711499999995,-104.8974128,14z/data=!4m8!1m2!2m1!1sLuminous+Medical+Aesthetics!3m4!1s0x876c7d8de7cdb871:0xc6ddac7124275fe4!8m2!3d39.594711499999995!4d-104.8974128",2026-06-22,ChIJcbjN5419bIcR5F8nJHGs3cY
SkynnGen Med Spa,,DM,1,no ad tracking,Hi there! SkynnGen Med Spa stood out — 4.9★ across 152 reviews is no accident. I help medical spas turn that reputation into more booked appointments without leaning harder on ads — mind if I share a quick idea here?,,,,+1 303-567-7778,info@skynngen.com,https://www.instagram.com/skynngen,https://www.facebook.com/skynngen,https://skynngen.com/,,"6025 S Quebec St Ste 210, Greenwood Village, CO 80111",Greenwood Village,Medical spa,4.9,152.0,"https://www.google.com/maps/place/SkynnGen+Med+Spa/@39.6071501,-104.905385,14z/data=!4m8!1m2!2m1!1sSkynnGen+Med+Spa!3m4!1s0x876c871103f00a21:0x647b48c8f867ffd0!8m2!3d39.6071501!4d-104.905385",2026-06-22,ChIJIQrwAxGHbIcR0P9n-MhIe2Q
OrangeTwist Centennial,,DM,3,no Instagram; few reviews,Hi Kirk! I came across OrangeTwist Centennial in Englewood and loved what you're doing. I help medical spas get found by more local customers on Google — mind if I share a quick idea here?,,,Kirk Thompson (Consultant Cmo),+1 720-615-1820,kirk.thompson310@gmail.com,,https://www.facebook.com/AdvantageElectrolysis,https://orangetwist.com/center/centennial/,,"9623 E County Line Rd, Englewood, CO 80112",Englewood,Medical spa,4.6,7.0,"https://www.google.com/maps/place/OrangeTwist+Centennial/@39.5675582,-104.87461019999999,14z/data=!4m8!1m2!2m1!1sOrangeTwist+Centennial!3m4!1s0x876c855411dbc2e9:0xd1a750c321c9c413!8m2!3d39.5675582!4d-104.87461019999999",2026-06-22,ChIJ6cLbEVSFbIcRE8TJIcNQp9E
Abella Skin and Spa,,DM,0,,Hi there! Abella Skin and Spa stood out — 5★ across 153 reviews is no accident. I help medical spas turn that reputation into more booked appointments without leaning harder on ads — mind if I share a quick idea here?,,,,+1 303-547-7846,info@indiantypefoundry.com,https://www.instagram.com/abellaskinspaco,https://www.facebook.com/abellaskinspaco,http://www.abellaskinspa.com/,,"3989 E Arapahoe Rd #110, Centennial, CO 80122",Centennial,Medical spa,5.0,153.0,"https://www.google.com/maps/place/Abella+Skin+and+Spa/@39.595625399999996,-104.9422072,14z/data=!4m8!1m2!2m1!1sAbella+Skin+and+Spa!3m4!1s0x876c819bcd8e3829:0x3a861cc9e2623cf6!8m2!3d39.595625399999996!4d-104.9422072",2026-06-22,ChIJKTiOzZuBbIcR9jxi4skchjo
Radiant Ridge Wellness,,DM,1,no ad tracking,Hi there! Radiant Ridge Wellness stood out — 4.9★ across 107 reviews is no accident. I help medical spas turn that reputation into more booked appointments without leaning harder on ads — mind if I share a quick idea here?,,,,+1 720-893-2192,,https://www.instagram.com/radiantridgewellness,,http://radiantridgewellness.com/,,"6901 S Yosemite St #105, Centennial, CO 80112",Centennial,Medical spa,4.9,107.0,"https://www.google.com/maps/place/Radiant+Ridge+Wellness/@39.5913296,-104.8867602,14z/data=!4m8!1m2!2m1!1sRadiant+Ridge+Wellness!3m4!1s0x876c7fd9e2a3b431:0x168d07fba7c3b887!8m2!3d39.5913296!4d-104.8867602",2026-06-22,ChIJMbSj4tl_bIcRh7jDp_sHjRY
Natura Med Spa & IV Bar - Cornerstar Aurora,,DM,1,no ad tracking,Hi there! Natura Med Spa & IV Bar - Cornerstar Aurora stood out — 4.9★ across 2326 reviews is no accident. I help medical spas turn that reputation into more booked appointments without leaning harder on ads — mind if I share a quick idea here?,,,,+1 720-821-6739,info@naturamedspaivbar.com,https://www.instagram.com/natura_medspa_iv,http://www.facebook.com/100093227756155,http://www.naturamedspaivbar.com/,,"6755 S Cornerstar Way Ste A, Aurora, CO 80016",Aurora,Medical spa,4.9,2326.0,"https://www.google.com/maps/place/Natura+Med+Spa+%26+IV+Bar+-+Cornerstar+Aurora/@39.5936792,-104.8072524,14z/data=!4m8!1m2!2m1!1sNatura+Med+Spa+%26+IV+Bar+-+Cornerstar+Aurora!3m4!1s0x876c8f6c6195bca5:0xb006e15e3167255c!8m2!3d39.5936792!4d-104.8072524",2026-06-22,ChIJpbyVYWyPbIcRXCVnMV7hBrA
Injecting Confidence Aesthetic Medicine,,DM,1,no ad tracking,Hi there! Injecting Confidence Aesthetic Medicine stood out — 5★ across 262 reviews is no accident. I help medical spas turn that reputation into more booked appointments without leaning harder on ads — mind if I share a quick idea here?,,,,+1 720-309-6010,injectingconfidence@gmail.com,https://www.instagram.com/InjectingConfidence&h=AT3aA8RueCifASvM949Gvi5o7t75lspUKQca84n_J7XGMhWn8gTxuqSasxG74e3K3bWiJe5oLSBF78AxO-mnYmmpLwabWcYKaptAzSbuwOdUMMGihPYCxIDVjApTLphwTB4lwWGrA0LndQ,https://www.facebook.com/injectingconfidence,https://www.injectingconfidence.com/%3Futm_source%3Dgoogle%26utm_medium%3Dorganic%26utm_campaign%3Dgbp,,"8310 S Valley Hwy Ste 100, Centennial, CO 80112",Centennial,Medical spa,5.0,262.0,"https://www.google.com/maps/place/Injecting+Confidence+Aesthetic+Medicine/@39.565,-104.86959399999999,14z/data=!4m8!1m2!2m1!1sInjecting+Confidence+Aesthetic+Medicine!3m4!1s0x876c85d44da84893:0x30695ea30811d3a!8m2!3d39.565!4d-104.86959399999999",2026-06-22,ChIJk0ioTdSFbIcROh2BMOqVBgM
"LiveWellMD Weight Loss Centennial, CO",,DM,2,no ad tracking; few reviews,"Hi Bob! LiveWellMD Weight Loss Centennial, CO stood out — 4.9★ across 48 reviews is no accident. I help weight loss services turn that reputation into more booked appointments without leaning harder on ads — mind if I share a quick idea here?",,,Bob Hellman (Clinical Director),+1 720-775-5939,mutualtf@aol.com,https://www.instagram.com/Livewellmedspa&h=AT2qtGQJ1JzRk_YClpUrfAkFBA-FuDpUuyznL00UBOThinF7wIiKJdLM_PO2AKm7xg6E55wzKv8JcS_xq6erKHvWPFQRY1pESLjo3KcikrnkgMpTIEbPD_6NOBJSSdOOknIOtv7FRCqM0A,https://www.facebook.com/LiveWellMD.Temecula,https://livewellmd.net/centennial/%3Futm_source%3Dgoogle%26utm_medium%3Dorganic%26utm_campaign%3Dgbp,,"8200 S Quebec St Ste A13, Centennial, CO 80112",Centennial,Weight loss service,4.9,48.0,"https://www.google.com/maps/place/LiveWellMD+Weight+Loss+Centennial%2C+CO/@39.5677209,-104.9023071,14z/data=!4m8!1m2!2m1!1sLiveWellMD+Weight+Loss+Centennial%2C+CO!3m4!1s0x876c858e7f7b85db:0xb0297a1a74086038!8m2!3d39.5677209!4d-104.9023071",2026-06-22,ChIJ24V7f46FbIcROGAIdBp6KbA
Serenity Spa & Facials Colorado,,DM,3,no Instagram; no ad tracking,Hi there! I came across Serenity Spa & Facials Colorado in Englewood and loved what you're doing. I help facial spas get found by more local customers on Google — mind if I share a quick idea here?,,,,+1 720-794-4762,serenityestheticssd@gmail.com,,https://www.facebook.com/SerenitySpaSF,https://serenityspausa.com/locations/denver-colorado/%3Futm_source%3Dgoogle%26utm_medium%3Dorganic%26utm_campaign%3DGoogle%2BBusiness%2BProfile,,"7336 S Yosemite St, , Centennial, Unit 210, Englewood, CO 80112",Englewood,Facial spa,4.4,317.0,"https://www.google.com/maps/place/Serenity+Spa+%26+Facials+Colorado/@39.584012,-104.8849235,14z/data=!4m8!1m2!2m1!1sSerenity+Spa+%26+Facials+Colorado!3m4!1s0x876c8544d294a551:0x65a7ae04322e78e3!8m2!3d39.584012!4d-104.8849235",2026-06-22,ChIJUaWU0kSFbIcR43guMgSup2U
DejaVu Med Spa,,DM,0,,Hi Dejavu! DejaVu Med Spa stood out — 5★ across 315 reviews is no accident. I help medical spas turn that reputation into more booked appointments without leaning harder on ads — mind if I share a quick idea here?,,,Dejavu Med Spa Simmons (Founder),+1 720-379-7608,dejavu@dejavumed.com,https://www.instagram.com/dejavumedspaco,https://www.facebook.com/Deja-Vu-MedSpa-298086037374009,https://dejavumed.com/%3Futm_source%3Dgoogle%26utm_medium%3Dorganic%26utm_campaign%3Dgbp%26utm_content%3Dwebsite%2520click,,"9898 Rosemont Ave Building 4, Suite 104, Lone Tree, CO 80124",Lone Tree,Medical spa,5.0,315.0,"https://www.google.com/maps/place/DejaVu+Med+Spa/@39.5374416,-104.88828939999999,14z/data=!4m8!1m2!2m1!1sDejaVu+Med+Spa!3m4!1s0x876c851cec282db5:0xa2cea299ed93bb2d!8m2!3d39.5374416!4d-104.88828939999999",2026-06-22,ChIJtS0o7ByFbIcRLbuT7ZmizqI
New Age Aesthetics & Wellness,,DM,0,,Hi there! New Age Aesthetics & Wellness stood out — 5★ across 149 reviews is no accident. I help medical spas turn that reputation into more booked appointments without leaning harder on ads — mind if I share a quick idea here?,,,,+1 303-770-7546,info@newagewell.com,https://www.instagram.com/newagewell,http://www.facebook.com/new-age-aesthetics-and-wellness-108251707595008,https://newageaestheticsandwellness.com/,,"9251 E Peakview Ave G, Greenwood Village, CO 80111",Greenwood Village,Medical spa,5.0,149.0,"https://www.google.com/maps/place/New+Age+Aesthetics+%26+Wellness/@39.5990975,-104.8816459,14z/data=!4m8!1m2!2m1!1sNew+Age+Aesthetics+%26+Wellness!3m4!1s0x876c85d2fc3d58b1:0xead3b50198e8d041!8m2!3d39.5990975!4d-104.8816459",2026-06-22,ChIJsVg9_NKFbIcRQdDomAG10-o
Moza Med Spa,,DM,1,few reviews,Hi there! Moza Med Spa stood out — 4.9★ across 43 reviews is no accident. I help facial spas turn that reputation into more booked appointments without leaning harder on ads — mind if I share a quick idea here?,,,,+1 720-771-1894,info@mozamedspa.com,https://www.instagram.com/mozamedspa,,https://mozamedspa.com/,,"5655 S Yosemite St #490, Greenwood Village, CO 80111",Greenwood Village,Facial spa,4.9,43,"https://www.google.com/maps/place/Moza+Med+Spa/@39.615197599999995,-104.88657479999999,14z/data=!4m8!1m2!2m1!1sMoza+Med+Spa!3m4!1s0x876c877c8bc68987:0x1a4e4d87d6e640a0!8m2!3d39.615197599999995!4d-104.88657479999999",2026-06-22,ChIJh4nGi3yHbIcRoEDm1odNTho
MD Body & Med Spa,,DM,1,no ad tracking,Hi there! MD Body & Med Spa stood out — 4.9★ across 174 reviews is no accident. I help medical spas turn that reputation into more booked appointments without leaning harder on ads — mind if I share a quick idea here?,,,,+1 303-220-1100,info@mdbodyandmedspa.com,https://www.instagram.com/mdbodyandmedspa,https://www.facebook.com/MdBodyMedSpa,https://mdbodyandmedspa.com/,,"7939 E Arapahoe Rd #210, Greenwood Village, CO 80112",Greenwood Village,Medical spa,4.9,174.0,"https://www.google.com/maps/place/MD+Body+%26+Med+Spa/@39.596331299999996,-104.897818,14z/data=!4m8!1m2!2m1!1sMD+Body+%26+Med+Spa!3m4!1s0x876c868678c3eecd:0x9fe5757ceb196e99!8m2!3d39.596331299999996!4d-104.897818",2026-06-22,ChIJze7DeIaGbIcRmW4Z63x15Z8
Tree World Spa | Premium Massages,,Email,3,no Instagram; no ad tracking,Hi there! Tree World Spa | Premium Massages stood out — 5★ across 336 reviews is no accident. I help massage spas turn that reputation into more booked appointments without leaning harder on ads — mind if I share a quick idea here?,,,,+1 219-333-6969,treeworldspa@gmail.com,,,http://www.treeworldspa.com/,,"7425 E Peakview Ave, Centennial, CO 80111",Centennial,Massage spa,5.0,336.0,"https://www.google.com/maps/place/Tree+World+Spa+%7C+Premium+Massages/@39.598916599999995,-104.9025449,14z/data=!4m8!1m2!2m1!1sTree+World+Spa+%7C+Premium+Massages!3m4!1s0x876c85bd2a03dd75:0x4513d903c3475836!8m2!3d39.598916599999995!4d-104.9025449",2026-06-22,ChIJdd0DKr2FbIcRNlhHwwPZE0U
Eunoia Med Spa,,DM,1,no ad tracking,Hi there! Eunoia Med Spa stood out — 5★ across 257 reviews is no accident. I help medical spas turn that reputation into more booked appointments without leaning harder on ads — mind if I share a quick idea here?,,,,+1 303-349-5032,info@eunoiamedspa.com,https://www.instagram.com/qodeinteractive,http://www.facebook.com/qodeinteractive,http://eunoiamedspa.com/,,"5295 DTC Pkwy, Greenwood Village, CO 80111",Greenwood Village,Medical spa,5.0,257.0,"https://www.google.com/maps/place/Eunoia+Med+Spa/@39.6209358,-104.8973711,14z/data=!4m8!1m2!2m1!1sEunoia+Med+Spa!3m4!1s0x876c87edc6594c47:0xa274caad7eab1680!8m2!3d39.6209358!4d-104.8973711",2026-06-22,ChIJR0xZxu2HbIcRgBarfq3KdKI
Elevation Med Spa,,DM,1,no ad tracking,Hi Kimberly! Elevation Med Spa stood out — 5★ across 151 reviews is no accident. I help medical spas turn that reputation into more booked appointments without leaning harder on ads — mind if I share a quick idea here?,,,Kimberly Saunders (Medical Aesthetician),+1 303-993-6578,don_link@praxair.com,https://www.instagram.com/elevationmedicalspa,http://www.facebook.com/elevationmedicalspa,https://elevationmedspa.com/,,"9360 Teddy Ln Ste 201, Lone Tree, CO 80124",Lone Tree,Medical spa,5.0,151.0,"https://www.google.com/maps/place/Elevation+Med+Spa/@39.552095099999995,-104.8798693,14z/data=!4m8!1m2!2m1!1sElevation+Med+Spa!3m4!1s0x876c85adc13b4f3d:0x61fa9de787ac77e6!8m2!3d39.552095099999995!4d-104.8798693",2026-06-22,ChIJPU87wa2FbIcR5nesh-ed-mE
Belén Aesthetics by Hillary Ching and Kendall Peterson,,DM,1,no ad tracking,Hi there! Belén Aesthetics by Hillary Ching and Kendall Peterson stood out — 5★ across 106 reviews is no accident. I help medical spas turn that reputation into more booked appointments without leaning harder on ads — mind if I share a quick idea here?,,,,+1 720-736-9816,info@belenaesthetics.com,https://www.instagram.com/belen.aesthetics,,http://belenaesthetics.com/,,"7180 E Orchard Rd Ste 300, Centennial, CO 80111",Centennial,Medical spa,5.0,106.0,"https://www.google.com/maps/place/Bel%C3%A9n+Aesthetics+by+Hillary+Ching+and+Kendall+Peterson/@39.6091419,-104.90562059999999,14z/data=!4m8!1m2!2m1!1sBel%C3%A9n+Aesthetics+by+Hillary+Ching+and+Kendall+Peterson!3m4!1s0x876c8540a751fb1f:0xf42aa3d4423520bb!8m2!3d39.6091419!4d-104.90562059999999",2026-06-22,ChIJH_tRp0CFbIcRuyA1QtSjKvQ
Laser Remedy Skin Solutions,,DM,0,,Hi Debbie! Laser Remedy Skin Solutions stood out — 4.9★ across 252 reviews is no accident. I help medical spas turn that reputation into more booked appointments without leaning harder on ads — mind if I share a quick idea here?,,,Debbie Grillo (Owner),+1 303-990-0120,debbie.grillo@hotmail.com,https://www.instagram.com/laserremedyskin,http://www.facebook.com/laserremedy,https://lrskin.com/,,"8577 E Arapahoe Rd C, Greenwood Village, CO 80112",Greenwood Village,Medical spa,4.9,252,"https://www.google.com/maps/place/Laser+Remedy+Skin+Solutions/@39.5966222,-104.8892922,14z/data=!4m8!1m2!2m1!1sLaser+Remedy+Skin+Solutions!3m4!1s0x876c867dacbf4e39:0x208c6d3575726bec!8m2!3d39.5966222!4d-104.8892922",2026-06-22,ChIJOU6_rH2GbIcR7GtydTVtjCA
Elite Medical & Aesthetics,,DM,0,,Hi Ali! Elite Medical & Aesthetics stood out — 5★ across 292 reviews is no accident. I help medical spas turn that reputation into more booked appointments without leaning harder on ads — mind if I share a quick idea here?,,,Ali Wagstaff (Owner),+1 720-507-7278,alibrown14@gmail.com,https://www.instagram.com/emacolorado,https://www.facebook.com/HighlandsRanchBotox,https://www.emacolorado.com/,,"9362 Teddy Ln #204, Lone Tree, CO 80124",Lone Tree,Medical spa,5.0,292.0,"https://www.google.com/maps/place/Elite+Medical+%26+Aesthetics/@39.5516127,-104.87962259999999,14z/data=!4m8!1m2!2m1!1sElite+Medical+%26+Aesthetics!3m4!1s0x876c83dcb50c7c17:0x498d43c560136c6b!8m2!3d39.5516127!4d-104.87962259999999",2026-06-22,ChIJF3wMtdyDbIcRa2wTYMVDjUk
Roma Med Spa: Medical Skin care & Aesthetics | ADVATX Laser Hair Removal | Hydrafacials | Waxing,,DM,1,few reviews,Hi there! Roma Med Spa: Medical Skin care & Aesthetics | ADVATX Laser Hair Removal | Hydrafacials | Waxing stood out — 4.8★ across 27 reviews is no accident. I help medical spas turn that reputation into more booked appointments without leaning harder on ads — mind if I share a quick idea here?,,,,+1 720-868-8453,romamedspa@yahoo.com,https://www.instagram.com/romamedspa,,http://romamedspa.glossgenius.com/,,"8481 S Yosemite St Unit A-Suite 804, Lone Tree, CO 80124",Lone Tree,Medical spa,4.8,27,"https://www.google.com/maps/place/Roma+Med+Spa%3A+Medical+Skin+care+%26+Aesthetics+%7C+ADVATX+Laser+Hair+Removal+%7C+Hydrafacials+%7C+Waxing/@39.562810299999995,-104.8813103,14z/data=!4m8!1m2!2m1!1sRoma+Med+Spa%3A+Medical+Skin+care+%26+Aesthetics+%7C+ADVATX+Laser+Hair+Removal+%7C+Hydrafacials+%7C+Waxing!3m4!1s0x876c85b8d545da0d:0xdda390877ce1640e!8m2!3d39.562810299999995!4d-104.8813103",2026-06-22,ChIJDdpF1biFbIcRDmThfIeQo90
Evolve Medical Spa Skin & Beauty,,Email,4,no Instagram; no ad tracking; few reviews,Hi there! Evolve Medical Spa Skin & Beauty stood out — 4.8★ across 44 reviews is no accident. I help medical spas turn that reputation into more booked appointments without leaning harder on ads — mind if I share a quick idea here?,,,,+1 303-887-5072,contact@evolvemedispa.com.au,,,http://www.evolvemedispa.com/,,"311 E County Line Rd Unit a-3, Littleton, CO 80122",Littleton,Medical spa,4.8,44.0,"https://www.google.com/maps/place/Evolve+Medical+Spa+Skin+%26+Beauty/@39.567463,-104.98491999999999,14z/data=!4m8!1m2!2m1!1sEvolve+Medical+Spa+Skin+%26+Beauty!3m4!1s0x876c8388f06ffb95:0xdd1ff988355927fd!8m2!3d39.567463!4d-104.98491999999999",2026-06-22,ChIJlftv8IiDbIcR_SdZNYj5H90
AOB Med Spa,,DM,0,,Hi Ashley! AOB Med Spa stood out — 4.9★ across 413 reviews is no accident. I help medical spas turn that reputation into more booked appointments without leaning harder on ads — mind if I share a quick idea here?,,,Ashley Mullins (Front Desk Coordinator And Ho Merchandiser),+1 303-777-5030,amullins@aobmedspa.com,https://www.instagram.com/aobmedspa,http://www.facebook.com/aobmedspa,https://www.aobmedspa.com/,,"8400 E Prentice Ave #1400, Greenwood Village, CO 80111",Greenwood Village,Medical spa,4.9,413,"https://www.google.com/maps/place/AOB+Med+Spa/@39.619501,-104.891093,14z/data=!4m8!1m2!2m1!1sAOB+Med+Spa!3m4!1s0x876c7e979d3987fd:0xc41a057c46467a65!8m2!3d39.619501!4d-104.891093",2026-06-22,ChIJ_Yc5nZd-bIcRZXpGRnwFGsQ
Spavia Park Meadows,,DM,0,,Hi there! Spavia Park Meadows stood out — 4.9★ across 804 reviews is no accident. I help day spas turn that reputation into more booked appointments without leaning harder on ads — mind if I share a quick idea here?,,,,+1 303-858-1234,,https://www.instagram.com/spaviaparkmeadows,https://www.facebook.com/spaviaparkmeadows,https://centennialco.spaviadayspa.com/,,"8283 S Akron St, Centennial, CO 80112",Centennial,Day spa,4.9,804,"https://www.google.com/maps/place/Spavia+Park+Meadows/@39.5670559,-104.8832465,14z/data=!4m8!1m2!2m1!1sSpavia+Park+Meadows!3m4!1s0x876c85b70150fc65:0x35b3c29af9825849!8m2!3d39.5670559!4d-104.8832465",2026-06-22,ChIJZfxQAbeFbIcRSViC-ZrCszU
Posh Medical Beauty Spa,,Email,2,no Instagram,Hi there! Posh Medical Beauty Spa stood out — 5★ across 157 reviews is no accident. I help medical spas turn that reputation into more booked appointments without leaning harder on ads — mind if I share a quick idea here?,,,,+1 720-525-6522,poshmedicalbeautyspa@gmail.com,,,http://www.poshmedicalbeautyspa.com/,,"8000 E Prentice Ave Ste B12, Greenwood Village, CO 80111",Greenwood Village,Medical spa,5.0,157,"https://www.google.com/maps/place/Posh+Medical+Beauty+Spa/@39.6202122,-104.89475069999999,14z/data=!4m8!1m2!2m1!1sPosh+Medical+Beauty+Spa!3m4!1s0x876c87bf09392b03:0x2c4e068beb7f53f4!8m2!3d39.6202122!4d-104.89475069999999",2026-06-22,ChIJAys5Cb-HbIcR9FN_64sGTiw
Local Aesthetics of Colorado,,Email,3,no Instagram; few reviews,Hi there! Local Aesthetics of Colorado stood out — 5★ across 20 reviews is no accident. I help medical spas turn that reputation into more booked appointments without leaning harder on ads — mind if I share a quick idea here?,,,,+1 720-220-3488,thessek@localaestheticsofcolorado.com,,,http://localaestheticsofcolorado.com/,,"7200 E Dry Creek Rd D-202, Centennial, CO 80112",Centennial,Medical spa,5.0,20,"https://www.google.com/maps/place/Local+Aesthetics+of+Colorado/@39.579964,-104.9053545,14z/data=!4m8!1m2!2m1!1sLocal+Aesthetics+of+Colorado!3m4!1s0x876c87fc3bafb263:0xa56dbca7b229a024!8m2!3d39.579964!4d-104.9053545",2026-06-22,ChIJY7KvO_yHbIcRJKApsqe8baU
Woodhouse Spa - Streets at SouthGlenn,,Email,2,no Instagram,Hi there! Woodhouse Spa - Streets at SouthGlenn stood out — 4.7★ across 642 reviews is no accident. I help day spas turn that reputation into more booked appointments without leaning harder on ads — mind if I share a quick idea here?,,,,+1 303-955-0911,michelle@southglenn.woodhousespas.com,,,http://southglenn.woodhousespas.com/%3Futm_source%3Dgoogle%26utm_medium%3Dyext,,"6955 S York St #400, Centennial, CO 80122",Centennial,Day spa,4.7,642,"https://www.google.com/maps/place/Woodhouse+Spa+-+Streets+at+SouthGlenn/@39.590838,-104.962223,14z/data=!4m8!1m2!2m1!1sWoodhouse+Spa+-+Streets+at+SouthGlenn!3m4!1s0x876c8142a783a5fd:0xbf5dded6ca2fc625!8m2!3d39.590838!4d-104.962223",2026-06-22,ChIJ_aWDp0KBbIcRJcYvytbeXb8
Novuskin Med Spa Denver,,DM,0,,Hi Amir! Novuskin Med Spa Denver stood out — 4.5★ across 860 reviews is no accident. I help medical spas turn that reputation into more booked appointments without leaning harder on ads — mind if I share a quick idea here?,,,Amir Yanay (Owner/Chief Executive Officer),+1 720-779-3392,amir.yanay@novuskin.com,https://www.instagram.com/novuskinmedspa,http://www.facebook.com/novuskinlasvegas,https://www.novuskin.com/med-spa-denver/,,"8200 E Belleview Ave Ste 100E, Greenwood Village, CO 80111",Greenwood Village,Medical spa,4.5,860,"https://www.google.com/maps/place/Novuskin+Med+Spa+Denver/@39.6236621,-104.8933971,14z/data=!4m8!1m2!2m1!1sNovuskin+Med+Spa+Denver!3m4!1s0x876c87bd5e129ad1:0x99ecefee667a6056!8m2!3d39.6236621!4d-104.8933971",2026-06-22,ChIJ0ZoSXr2HbIcRVmB6Zu7v7Jk
skinRx & body wellness,,DM,1,few reviews,Hi Suzanne! skinRx & body wellness stood out — 4.9★ across 15 reviews is no accident. I help spas turn that reputation into more booked appointments without leaning harder on ads — mind if I share a quick idea here?,,,Suzanne Mangino (Medical Aesthetician),+1 303-224-3545,blondie0408@hotmail.com,https://www.instagram.com/skinrx.body.wellness,https://www.facebook.com/skinrxandbodywellness,https://www.skinrxandbodywellness.com/,,"8719 E Dry Creek Rd, Centennial, CO 80111",Centennial,Spa,4.9,15,"https://www.google.com/maps/place/skinRx+%26+body+wellness/@39.580869799999995,-104.88682569999999,14z/data=!4m8!1m2!2m1!1sskinRx+%26+body+wellness!3m4!1s0x876c85d260c934c5:0x5cee4dd69a0ea32!8m2!3d39.580869799999995!4d-104.88682569999999",2026-06-22,ChIJxTTJYNKFbIcRMuqgad3kzgU
ZenVita Med Spa,,DM,1,no ad tracking,Hi there! ZenVita Med Spa stood out — 5★ across 101 reviews is no accident. I help medical spas turn that reputation into more booked appointments without leaning harder on ads — mind if I share a quick idea here?,,,,+1 720-224-8024,zenvitamedspa@gmail.com,https://www.instagram.com/zenvitamedspa,https://www.facebook.com/zenvitamedspa,http://www.zenvitamedspa.com/,,"6155 S Main St E101 Suite #10, Aurora, CO 80016",Aurora,Medical spa,5.0,101.0,"https://www.google.com/maps/place/ZenVita+Med+Spa/@39.604821,-104.709268,14z/data=!4m8!1m2!2m1!1sZenVita+Med+Spa!3m4!1s0x876c8dc1b723dbdf:0x23596be4ff950cfd!8m2!3d39.604821!4d-104.709268",2026-06-22,ChIJ39sjt8GNbIcR_QyV_-RrWSM
Skin Glory Medspa,,Email,3,no Instagram; no ad tracking,Hi there! Skin Glory Medspa stood out — 5★ across 77 reviews is no accident. I help skin care clinics turn that reputation into more booked appointments without leaning harder on ads — mind if I share a quick idea here?,,,,+1 303-335-0255,connect@sgmedspa.com,,,http://www.skinglorymedspa.com/%3Futm_source%3Dgoogle%26utm_medium%3Dwix_google_business_profile%26utm_campaign%3D8730004663169065460,,"6595 S Dayton St Ste 3001, Greenwood Village, CO 80111",Greenwood Village,Skin care clinic,5.0,77.0,"https://www.google.com/maps/place/Skin+Glory+Medspa/@39.5972574,-104.8767034,14z/data=!4m8!1m2!2m1!1sSkin+Glory+Medspa!3m4!1s0x876c879c3ca04a11:0xb94ac4fc649ef167!8m2!3d39.5972574!4d-104.8767034",2026-06-22,ChIJEUqgPJyHbIcRZ_GeZPzESrk
Live A Better You Medical Clinic and Spa,,DM,2,no ad tracking; few reviews,Hi there! I came across Live A Better You Medical Clinic and Spa in Centennial and loved what you're doing. I help medical spas get found by more local customers on Google — mind if I share a quick idea here?,,,,+1 720-647-5768,info@liveabetteryou.com,https://www.instagram.com/live_a_better_you,,https://www.liveabetteryou.com/,,"7936 E Arapahoe Ct Ste 1800, Centennial, CO 80112",Centennial,Medical spa,4.8,4.0,"https://www.google.com/maps/place/Live+A+Better+You+Medical+Clinic+and+Spa/@39.5936537,-104.8970813,14z/data=!4m8!1m2!2m1!1sLive+A+Better+You+Medical+Clinic+and+Spa!3m4!1s0x876c87c359f33301:0x26990aaf201368fc!8m2!3d39.5936537!4d-104.8970813",2026-07-28,ChIJATPzWcOHbIcR_GgTIK8KmSY
HealthNow Med Spa,,Email,4,no Instagram; no ad tracking; few reviews,Hi there! I came across HealthNow Med Spa in Centennial and loved what you're doing. I help medical spas get found by more local customers on Google — mind if I share a quick idea here?,,,,+1 303-953-9405,medspa@healthnowcolorado.com,,,https://healthnowspa.com/,,"9137 E Mineral Cir, Centennial, CO 80112",Centennial,Medical spa,,,"https://www.google.com/maps/place/HealthNow+Med+Spa/@39.5767258,-104.8831312,14z/data=!4m8!1m2!2m1!1sHealthNow+Med+Spa!3m4!1s0x876c8522a3b2a26f:0xd6d7b5f9f8d84001!8m2!3d39.5767258!4d-104.8831312",2026-07-28,ChIJb6KyoyKFbIcRAUDY-Pm119Y
Simply Divine Aesthetics,,DM,2,no ad tracking; few reviews,Hi there! Simply Divine Aesthetics stood out — 5★ across 13 reviews is no accident. I help medical spas turn that reputation into more booked appointments without leaning harder on ads — mind if I share a quick idea here?,,,,+1 720-784-8665,info@simplydivineaesthetics.net,https://www.instagram.com/simplydivineaesthetics,https://www.facebook.com/675790178959238,https://www.simplydivineaesthetics.net/,,"5150 E Arapahoe Rd Unit D4 Suite 106, Centennial, CO 80122",Centennial,Medical spa,5.0,13.0,"https://www.google.com/maps/place/Simply+Divine+Aesthetics/@39.5933913,-104.927657,14z/data=!4m8!1m2!2m1!1sSimply+Divine+Aesthetics!3m4!1s0x876c87c23c80727b:0xce507b12e5fcb973!8m2!3d39.5933913!4d-104.927657",2026-07-28,ChIJe3KAPMKHbIcRc7n85RJ7UM4
Habits MedSpa,,DM,2,no ad tracking; few reviews,Hi there! Habits MedSpa stood out — 5★ across 10 reviews is no accident. I help medical spas turn that reputation into more booked appointments without leaning harder on ads — mind if I share a quick idea here?,,,,+1 303-601-0809,wellnessmedspacolorado@gmail.com,https://www.instagram.com/habitsmedspa,https://www.facebook.com/Wellness-Medspa-2938665789692081,https://habitsmedspa.com/%3Futm_source%3Dgmb%26utm_medium%3Dorganic%26utm_content%3Dgmb-website,,"7173 S Havana St Ste 100-39, Centennial, CO 80112",Centennial,Medical spa,5.0,10.0,"https://www.google.com/maps/place/Habits+MedSpa/@39.5861066,-104.8675287,14z/data=!4m8!1m2!2m1!1sHabits+MedSpa!3m4!1s0x876c8fa9f713d53b:0x97400c97d0a70c23!8m2!3d39.5861066!4d-104.8675287",2026-07-28,ChIJO9UT96mPbIcRIwyn0JcMQJc
Allure Aesthetics,,Email,4,no Instagram; no ad tracking; few reviews,Hi there! Allure Aesthetics stood out — 5★ across 24 reviews is no accident. I help medical spas turn that reputation into more booked appointments without leaning harder on ads — mind if I share a quick idea here?,,,,+1 720-505-1580,intuitionmedicalaesthetics@gmail.com,,,https://allureaestheticsden.glossgenius.com/,,"7200 E Dry Creek Rd Ste e101, Centennial, CO 80112",Centennial,Medical spa,5.0,24.0,"https://www.google.com/maps/place/Allure+Aesthetics/@39.5801356,-104.9047483,14z/data=!4m8!1m2!2m1!1sAllure+Aesthetics!3m4!1s0x876c85e4f9ab2765:0x8cfc62c3529f3fb8!8m2!3d39.5801356!4d-104.9047483",2026-07-28,ChIJZSer-eSFbIcRuD-fUsNi_Iw
Revival Skin,,Needs research,3,no Instagram; few reviews,Hi there! Revival Skin stood out — 5★ across 24 reviews is no accident. I help skin care clinics turn that reputation into more booked appointments without leaning harder on ads — mind if I share a quick idea here?,,,,+1 720-509-9761,,,,https://revivalskin.com/,,"7200 E Dry Creek Rd E-201, Centennial, CO 80112",Centennial,Skin care clinic,5.0,24.0,"https://www.google.com/maps/place/Revival+Skin/@39.5800163,-104.9047119,14z/data=!4m8!1m2!2m1!1sRevival+Skin!3m4!1s0x876c876a953b992b:0x3b7ecaf65f899478!8m2!3d39.5800163!4d-104.9047119",2026-07-28,ChIJK5k7lWqHbIcReJSJX_bKfjs
MD Aesthetics and Body Sculpting,,DM,0,,Hi there! MD Aesthetics and Body Sculpting stood out — 5★ across 121 reviews is no accident. I help medical spas turn that reputation into more booked appointments without leaning harder on ads — mind if I share a quick idea here?,,,,+1 303-481-0260,info@autumnstonemd.com,https://instagram.com/mdaestheticscolorado,,https://mdaestheticsmedspa.com/,,"88 Inverness Cir E UNIT A-208, Englewood, CO 80112",Englewood,Medical spa,5.0,121.0,"https://www.google.com/maps/place/MD+Aesthetics+and+Body+Sculpting/@39.576753499999995,-104.86166019999999,14z/data=!4m8!1m2!2m1!1sMD+Aesthetics+and+Body+Sculpting!3m4!1s0x876c8e174f7849b9:0x71d019a8bdecfedc!8m2!3d39.576753499999995!4d-104.86166019999999",2026-07-28,ChIJuUl4TxeObIcR3P7svagZ0HE
Bella Persona,,DM,2,no ad tracking; few reviews,Hi there! Bella Persona stood out — 4.8★ across 13 reviews is no accident. I help medical spas turn that reputation into more booked appointments without leaning harder on ads — mind if I share a quick idea here?,,,,+1 303-981-0329,miabellapersona@gmail.com,https://www.instagram.com/squarespace,https://www.facebook.com/252772751417655,http://www.bella-persona.com/,,"8770 E Arapahoe Rd suite 109a, Centennial, CO 80112",Centennial,Medical spa,4.8,13.0,"https://www.google.com/maps/place/Bella+Persona/@39.5942735,-104.88703129999999,14z/data=!4m8!1m2!2m1!1sBella+Persona!3m4!1s0x876c867eb0b18129:0x6469ce5aacd85cf2!8m2!3d39.5942735!4d-104.88703129999999",2026-07-28,ChIJKYGxsH6GbIcR8lzYrFrOaWQ
Laguna Med Spa,,DM,2,no Instagram,Hi there! Laguna Med Spa stood out — 5★ across 549 reviews is no accident. I help medical spas turn that reputation into more booked appointments without leaning harder on ads — mind if I share a quick idea here?,,,,+1 720-355-0123,info@lagunamedspa.net,,https://www.facebook.com/lagunamedspaco,https://lagunamedspa.net/%3Futm_source%3Dgoogle%26utm_medium%3Dorganic%26utm_campaign%3Dgbp-website,,"10259 S Parker Rd Ste 100, Parker, CO 80134",Parker,Medical spa,5.0,549.0,"https://www.google.com/maps/place/Laguna+Med+Spa/@39.530964,-104.7675199,14z/data=!4m8!1m2!2m1!1sLaguna+Med+Spa!3m4!1s0x876c91e8a4c418b5:0xfae872ae0795108c!8m2!3d39.530964!4d-104.7675199",2026-07-28,ChIJtRjEpOiRbIcRjBCVB65y6Po
True Derm MedSpa,,Email,3,no Instagram; no ad tracking,Hi there! True Derm MedSpa stood out — 5★ across 123 reviews is no accident. I help medical spas turn that reputation into more booked appointments without leaning harder on ads — mind if I share a quick idea here?,,,,+1 720-803-7775,info@tdmspa.com,,,http://tdmspa.com/,,"6155 S Main St Ste 29, Aurora, CO 80016",Aurora,Medical spa,5.0,123.0,"https://www.google.com/maps/place/True+Derm+MedSpa/@39.6045775,-104.70956539999999,14z/data=!4m8!1m2!2m1!1sTrue+Derm+MedSpa!3m4!1s0x876c8f2b7d22c4dd:0x69dbc7af52605573!8m2!3d39.6045775!4d-104.70956539999999",2026-07-28,ChIJ3cQifSuPbIcRc1VgUq_H22k
